"","group","rmse_mean","rmse_sd","iteration_times"
"2","imputePCA",0.554763430261261,0.223793536836214,1000
"1","impDi",0.610474266030164,0.248733368534579,1000
"6","softImpute",0.694869934230416,0.336420294163448,1000
"4","mice",0.717841853954318,0.314247780321493,1000
"3","kNNimpute",0.800089547571384,0.289840787120354,1000
"5","missForest",NA,NA,1000
